fullName,email,contactNumber,gender,startDate,endDate,packagePrice,plan,timing,status,hasPersonalTraining,personalTrainingDurationWeeks,personalTrainingPrice,dateOfBirth,address,emergencyContactName,emergencyContactNumber,emergencyContactRelation
John Anderson,john.anderson@example.com,+1234567890,male,2025-01-01,2025-12-31,5000,premium,Morning (6AM-10AM),active,true,12,3000,1990-05-15,123 Main St,Jane Anderson,+1234567891,spouse
Sarah Mitchell,sarah.mitchell@example.com,+1987654321,female,2025-01-15,2025-07-15,3000,basic,Evening (5PM-9PM),active,false,,,1995-08-20,456 Oak Ave,Mike Mitchell,+1987654322,sibling
Michael Chen,michael.chen@example.com,+1555123456,male,2025-02-01,2026-02-01,6000,premium,Morning (6AM-10AM),active,true,16,4000,1988-11-30,789 Pine Rd,Lisa Chen,+1555123457,spouse
Emily Rodriguez,emily.rodriguez@example.com,+1444987654,female,2025-01-10,2025-06-10,2500,basic,Afternoon (12PM-4PM),active,false,,,1992-03-25,321 Elm St,Carlos Rodriguez,+1444987655,parent
David Thompson,david.thompson@example.com,+1333456789,male,2025-01-20,2026-01-20,5500,premium,Evening (5PM-9PM),active,true,8,2000,1985-07-12,654 Maple Dr,Susan Thompson,+1333456790,spouse
Jessica Lee,jessica.lee@example.com,+1222789456,female,2025-02-05,2025-08-05,3200,basic,Morning (6AM-10AM),active,false,,,1998-09-18,987 Cedar Ln,James Lee,+1222789457,sibling
Robert Williams,robert.williams@example.com,+1111234567,male,2025-01-25,2025-12-25,4800,premium,Afternoon (12PM-4PM),active,true,10,2500,1991-12-05,147 Birch Ave,Mary Williams,+1111234568,spouse
Amanda Garcia,amanda.garcia@example.com,+1999876543,female,2025-02-10,2026-02-10,5200,premium,Morning (6AM-10AM),active,true,12,3000,1993-04-22,258 Spruce St,Tom Garcia,+1999876544,spouse
Christopher Brown,chris.brown@example.com,+1888765432,male,2025-01-12,2025-07-12,2800,basic,Evening (5PM-9PM),active,false,,,1996-06-14,369 Willow Rd,Nancy Brown,+1888765433,parent
Jennifer Davis,jennifer.davis@example.com,+1777654321,female,2025-01-18,2026-01-18,5800,premium,Afternoon (12PM-4PM),active,true,14,3500,1989-10-08,741 Ash Dr,Kevin Davis,+1777654322,spouse
Matthew Martinez,matt.martinez@example.com,+1666543210,male,2025-02-15,2025-08-15,3100,basic,Morning (6AM-10AM),active,false,,,1994-02-28,852 Poplar Ln,Linda Martinez,+1666543211,parent
Ashley Wilson,ashley.wilson@example.com,+1555432109,female,2025-01-22,2025-12-22,4900,premium,Evening (5PM-9PM),active,true,10,2500,1990-08-17,963 Hickory Ave,Brian Wilson,+1555432110,spouse
Daniel Taylor,daniel.taylor@example.com,+1444321098,male,2025-02-08,2026-02-08,5300,premium,Morning (6AM-10AM),active,true,12,3000,1987-05-03,159 Walnut St,Rachel Taylor,+1444321099,spouse
Lauren Anderson,lauren.anderson@example.com,+1333210987,female,2025-01-28,2025-07-28,2900,basic,Afternoon (12PM-4PM),active,false,,,1997-11-19,357 Chestnut Rd,Mark Anderson,+1333210988,sibling
Joshua Thomas,joshua.thomas@example.com,+1222109876,male,2025-02-12,2026-02-12,6200,premium,Evening (5PM-9PM),active,true,16,4000,1986-01-26,486 Sycamore Dr,Michelle Thomas,+1222109877,spouse
Megan Jackson,megan.jackson@example.com,+1111098765,female,2025-01-16,2025-06-16,2600,basic,Morning (6AM-10AM),active,false,,,1999-07-07,597 Magnolia Ln,Paul Jackson,+1111098766,parent
Ryan White,ryan.white@example.com,+1999987654,male,2025-02-20,2026-02-20,5400,premium,Afternoon (12PM-4PM),active,true,12,3000,1992-09-12,624 Dogwood Ave,Kelly White,+1999987655,spouse
Nicole Harris,nicole.harris@example.com,+1888876543,female,2025-01-30,2025-12-30,4700,premium,Morning (6AM-10AM),active,true,8,2000,1991-03-29,735 Redwood St,Steven Harris,+1888876544,spouse
Brandon Martin,brandon.martin@example.com,+1777765432,male,2025-02-18,2025-08-18,3300,basic,Evening (5PM-9PM),active,false,,,1995-12-11,846 Sequoia Rd,Angela Martin,+1777765433,sibling
Stephanie Clark,stephanie.clark@example.com,+1666654321,female,2025-01-24,2026-01-24,5600,premium,Afternoon (12PM-4PM),active,true,14,3500,1988-06-24,957 Fir Dr,Greg Clark,+1666654322,spouse
Kevin Rodriguez,kevin.rodriguez@example.com,+1555543210,male,2025-02-22,2026-02-22,5900,premium,Morning (6AM-10AM),active,true,12,3000,1990-10-16,168 Beech Ln,Diana Rodriguez,+1555543211,spouse
Rachel Lewis,rachel.lewis@example.com,+1444432109,female,2025-01-26,2025-07-26,2700,basic,Evening (5PM-9PM),active,false,,,1996-04-05,279 Juniper Ave,Eric Lewis,+1444432110,parent
Tyler Walker,tyler.walker@example.com,+1333321098,male,2025-02-14,2026-02-14,5100,premium,Afternoon (12PM-4PM),active,true,10,2500,1989-08-21,381 Cypress St,Melissa Walker,+1333321099,spouse
Samantha Hall,samantha.hall@example.com,+1222210987,female,2025-01-19,2025-12-19,4600,premium,Morning (6AM-10AM),active,true,8,2000,1993-01-13,492 Laurel Rd,Jason Hall,+1222210988,spouse
Justin Allen,justin.allen@example.com,+1111109876,male,2025-02-25,2025-08-25,3400,basic,Evening (5PM-9PM),active,false,,,1994-11-27,513 Hawthorn Dr,Kimberly Allen,+1111109877,sibling
Brittany Young,brittany.young@example.com,+1999998765,female,2025-01-21,2026-01-21,5700,premium,Afternoon (12PM-4PM),active,true,14,3500,1987-07-09,624 Alder Ln,Andrew Young,+1999998766,spouse
Eric King,eric.king@example.com,+1888887654,male,2025-02-16,2026-02-16,6100,premium,Morning (6AM-10AM),active,true,16,4000,1985-02-14,735 Cottonwood Ave,Laura King,+1888887655,spouse
Melissa Wright,melissa.wright@example.com,+1777776543,female,2025-01-27,2025-07-27,2800,basic,Evening (5PM-9PM),active,false,,,1998-05-31,846 Mesquite St,Patrick Wright,+1777776544,parent
Adam Scott,adam.scott@example.com,+1666665432,male,2025-02-19,2026-02-19,5500,premium,Afternoon (12PM-4PM),active,true,12,3000,1991-09-23,957 Ironwood Rd,Christina Scott,+1666665433,spouse
Heather Green,heather.green@example.com,+1555554321,female,2025-01-23,2025-12-23,4800,premium,Morning (6AM-10AM),active,true,10,2500,1990-12-06,168 Buckeye Dr,Nathan Green,+1555554322,spouse

